"row_id","drink","merged","glass","ingredients"
0,"'57 Chevy with a White License Plate","Highball glass Creme de Cacao 1 oz white Vodka 1 oz","Highball glass",2
1,"1-900-FUK-MEUP","Old-fashioned glass Absolut Kurant 1/2 oz Grand Marnier 1/4 oz Chambord raspberry liqueur 1/4 oz Midori melon liqueur 1/4 oz Malibu rum 1/4 oz Amaretto 1/4 oz Cranberry juice 1/2 oz Pineapple juice 1/4 oz","Old-fashioned glass",8
2,"110 in the shade","Beer Glass Lager 16 oz Tequila 1.5 oz","Beer Glass",2
3,"151 Florida Bushwacker","Beer mug Malibu rum 1/2 oz Light rum 1/2 oz 151 proof rum 1/2 oz Bacardi Dark Creme de Cacao 1 oz Cointreau 1 oz Milk 3 oz Coconut liqueur 1 oz Vanilla ice-cream 1 cup","Beer mug",8
4,"155 Belmont","White wine glass Dark rum 1 shot Light rum 2 shots Vodka 1 shot Orange juice 1 shot","White wine glass",4
5,"24k nightmare","Shot glass Goldschlager 1/2 oz Jägermeister 1/2 oz Rumple Minze 1/2 oz 151 proof rum 1/2 oz Bacardi","Shot glass",4
6,"252","Shot glass 151 proof rum 1/2 shot Bacardi Wild Turkey 1/2 shot","Shot glass",2
8,"3-Mile Long Island Iced Tea","Collins Glass Gin 1/2 oz Light rum 1/2 oz Tequila 1/2 oz Triple sec 1/2 oz Vodka 1/2 oz Coca-Cola 
 Sweet and sour 1-2 dash Bitters 1 wedge","Collins Glass",8
7,"3 Wise Men","Collins glass Jack Daniels 1/3 oz Johnnie Walker 1/3 oz Jim Beam 1/3 oz","Collins glass",3
9,"410 Gone","Collins Glass Peach Vodka 2-3 oz","Collins Glass",1
10,"50/50","Collins Glass Vanilla vodka 2 1/2 oz Grand Marnier 1 splash Orange juice Fill with","Collins Glass",3
11,"501 Blue","Collins Glass Blue Curacao 
 Blueberry schnapps 
 Vodka 
 Sour mix 
 7-Up 
","Collins Glass",5
12,"69 Special","Collins Glass Gin 2 oz dry 7-Up 4 oz Lemon juice 0.75 oz","Collins Glass",3
13,"747","Shot glass Kahlua 1/3 part Bailey's irish cream 1/3 part Frangelico 1/3 part","Shot glass",3
14,"9 1/2 Weeks","Cocktail glass Absolut Citron 2 oz Orange Curacao 1/2 oz Strawberry liqueur 1 splash Orange juice 1 oz","Cocktail glass",4
15,"A Day at the Beach","Highball glass Coconut rum 1 oz Amaretto 1/2 oz Orange juice 4 oz Grenadine 1/2 oz","Highball glass",4
16,"A Furlong Too Late","Highball glass Light rum 2 oz Ginger beer 4 oz Lemon peel 1 twist of","Highball glass",3
17,"A Gilligan's Island","Collins glass Vodka 1 oz Peach schnapps 1 oz Orange juice 3 oz Cranberry juice 3 oz","Collins glass",4
22,"A midsummernight dream","Collins Glass Vodka 2 oz Kirschwasser 1 oz Strawberry liqueur 1 tsp Strawberries 5 Schweppes Russchian 
","Collins Glass",5
18,"A Night In Old Mandalay","Highball glass Light rum 1 oz Añejo rum 1 oz Orange juice 1 oz Lemon juice 1/2 oz Ginger ale 3 oz Lemon peel 1 twist of","Highball glass",6
19,"A Piece of Ass","Highball glass Amaretto 1 shot Southern Comfort 1 shot Ice cubes
 Sour mix 
","Highball glass",4
20,"A Splash of Nash","Highball glass Cranberry juice 2 oz Soda water 2 oz Midori melon liqueur 0.5 oz Creme de Banane 0.5 oz","Highball glass",4
21,"A True Amaretto Sour","Old-fashioned glass Amaretto 1 jigger Lemon Juice of 1/2 Ice 
","Old-fashioned glass",3
23,"A. J.","Cocktail glass Applejack 1 1/2 oz Grapefruit juice 1 oz","Cocktail glass",2
24,"A.D.M. (After Dinner Mint)","Irish coffee cup White Creme de Menthe 1/2 oz Southern Comfort 3/4 oz Vodka 1/2 oz Hot chocolate Fill with","Irish coffee cup",4
25,"A1","Cocktail glass Gin 1 3/4 shot Grand Marnier 1 Shot Lemon Juice 1/4 Shot Grenadine 1/8 Shot","Cocktail glass",4
29,"Abbey Cocktail","Cocktail glass Gin 1 1/2 oz Orange bitters 1 dash Orange Juice of 1/4 Cherry 1","Cocktail glass",4
30,"Abbey Martini","Cocktail glass Gin 2 shots Sweet Vermouth 1 shot Orange Juice 1 shot Angostura Bitters 3 dashes","Cocktail glass",4
26,"ABC","Shot glass Amaretto 1/3 Bailey's irish cream 1/3 Cognac 1/3","Shot glass",3
31,"Abilene","Highball glass Dark rum 1 1/2 oz Peach nectar 2 oz Orange juice 3 oz","Highball glass",3
32,"Absinthe #2","Jar Vodka 1 bottle Sugar 50 gr Anise 50 ml pure Licorice root 1 tblsp Wormwood 1","Jar",5
33,"Absolut Evergreen","Collins Glass Absolut Citron 2/3 part Pisang Ambon 1/3 part Ice cubes
 Bitter lemon 
","Collins Glass",4
37,"Absolut limousine","Collins Glass Absolut Citron 2/3 Lime juice 1/3 Ice Fill with Tonic water Top it up with","Collins Glass",4
34,"Absolut Sex","Old-fashioned glass Absolut Kurant 3/4 oz Midori melon liqueur 3/4 oz Cranberry juice 1 oz Sprite 1 splash","Old-fashioned glass",4
35,"Absolut Stress #2","Collins Glass Absolut Vodka 1 1/2 oz Peach schnapps 1/2 oz Coconut liqueur 1/2 oz Cranberry juice 1 1/2 oz Pineapple juice 1 1/2 oz","Collins Glass",5
36,"Absolut Summertime","Collins glass Absolut Citron 1 1/2 oz Sweet and sour 3/4 oz Sprite 1/2 oz Soda water 3 oz Lemon 1 slice","Collins glass",5
38,"Absolutely Cranberry Smash","Cocktail glass Absolut Vodka 2 oz Cranberry juice 4 oz Ginger ale 2 oz Ice Add","Cocktail glass",4
39,"Absolutely Fabulous","Champagne flute Vodka 1 shot Cranberry Juice 2 shots Champagne Top up with","Champagne flute",3
40,"Absolutly Screwed Up","Collins glass Absolut Citron 1 shot Orange juice 1 shot Triple sec 1 shot Ginger ale Fill to top","Collins glass",4
41,"Acapulco","Old-fashioned glass Light rum 1 1/2 oz Triple sec 1 1/2 tsp Lime juice 1 tblsp Sugar 1 tsp Egg white 1 Mint 1","Old-fashioned glass",6
42,"Ace","Martini Glass Gin 2 shots Grenadine 1/2 shot Heavy cream 1/2 shot Milk 1/2 shot Egg White 1/2 Fresh","Martini Glass",5
27,"ACID","Shot glass 151 proof rum 1 oz Bacardi Wild Turkey 1 oz","Shot glass",2
43,"Adam","Cocktail glass Dark rum 2 oz Lemon juice 1 oz Grenadine 1 tsp","Cocktail glass",3
44,"Adam & Eve","Cocktail glass Gin 1 shot Cognac 1 shot Creme de Cassis 1 shot Fresh Lemon Juice 1/8 shot","Cocktail glass",4
45,"Adam Bomb","Margarita/Coupette glass Rum 1 part Vodka 1 part Tequila 1 part Triple sec 1/2 part Fruit 
 Ice 
 Salt 1-3 pint","Margarita/Coupette glass",7
46,"Adam Sunrise","Collins Glass Vodka 1/2 Lemonade 1/2 can Water 1/2 Sugar 10 tsp","Collins Glass",4
47,"Addington","Cocktail glass Sweet Vermouth 2 shots Dry Vermouth 1 shot Soda Water Top up with
","Cocktail glass",3
48,"Addison","Martini Glass Gin 1 1/2 shot Vermouth 1 1/2 shot","Martini Glass",2
49,"Addison Special","Old-fashioned glass Vodka 1 shot Grenadine 1 tblsp Orange juice Fill with","Old-fashioned glass",3
50,"Adios Amigos Cocktail","Martini Glass Rum 1 shot Dry Vermouth 1/2 shot Cognac 1/2 shot Gin 1/2 shot Fresh Lime Juice 1/4 shot Sugar Syrup 1/4 shot Water 1/2 shot","Martini Glass",7
51,"Adonis Cocktail","Cocktail glass Sweet Vermouth 3/4 oz Sherry 1 1/2 oz dry Orange bitters 1 dash","Cocktail glass",3
52,"Affair","Highball glass Strawberry schnapps 2 oz Orange juice 2 oz Cranberry juice 2 oz Club soda 
","Highball glass",4
53,"Affinity","Cocktail glass Scotch 1 1/2 oz Sweet Vermouth 1 oz Dry Vermouth 1 oz Orange bitters 2 dashes","Cocktail glass",4
54,"After Dinner Cocktail","Cocktail glass Apricot brandy 1 oz Triple sec 1 oz Lime Juice of 1 Lime 1","Cocktail glass",4
55,"After Five","Shot glass Peppermint schnapps 
 Kahlua 
 Bailey's irish cream 
","Shot glass",3
57,"After sex","Highball glass Vodka 2 cl Creme de Banane 1 cl Orange juice 
","Highball glass",3
56,"After Supper Cocktail","Cocktail glass Triple sec 1 oz Apricot brandy 1 oz Lemon juice 1/2 tsp","Cocktail glass",3
58,"Afterglow","Highball Glass Grenadine 1 part Orange juice 4 parts Pineapple juice 4 parts","Highball Glass",3
59,"Afternoon","Collins Glass Kahlua 1 cl Bailey's irish cream 1 cl Frangelico 1 1/2 Coffee 4 cl hot Cream 
","Collins Glass",5
60,"Alabama Slammer","Highball glass Southern Comfort 1 oz Amaretto 1 oz Sloe gin 1/2 oz Lemon juice 1 dash","Highball glass",4
61,"Alaska Cocktail","Cocktail glass Orange bitters 2 dashes Gin 1 1/2 oz Yellow Chartreuse 3/4 oz Lemon peel Twist of","Cocktail glass",4
62,"Alexander","Cocktail glass Gin 1/2 oz Creme de Cacao 1/2 oz white Light cream 2 oz","Cocktail glass",3
63,"Alfie Cocktail","Cocktail glass Lemon vodka 1 1/2 oz Triple sec 1 dash Pineapple juice 1 tblsp","Cocktail glass",3
64,"Algonquin","Cocktail glass Blended whiskey 1 1/2 oz Dry Vermouth 1 oz Pineapple juice 1 oz","Cocktail glass",3
65,"Alice Cocktail","Cocktail glass Grenadine 1 cl Orange juice 1 cl Pineapple juice 2 cl Cream 4 cl","Cocktail glass",4
66,"Alice in Wonderland","Collins Glass Amaretto 1 shot Grand Marnier 1 shot Southern Comfort 1 shot","Collins Glass",3
67,"Allegheny","Cocktail glass Dry Vermouth 1 oz Bourbon 1 oz Blackberry brandy 1 1/2 tsp Lemon juice 1 1/2 tsp Lemon peel 1 twist of","Cocktail glass",5
68,"Allies Cocktail","Cocktail glass Dry Vermouth 1 oz Gin 1 oz Kummel 1/2 tsp","Cocktail glass",3
69,"Almeria","Cocktail glass Dark rum 2 oz Kahlua 1 oz Egg white 1","Cocktail glass",3
70,"Almond Chocolate Coffee","Coffee mug Amaretto 3/4 oz Dark Creme de Cacao 1/2 oz Coffee 8 oz","Coffee mug",3
71,"Almond Joy","Cocktail glass Amaretto 1/2 oz Creme de Cacao 1/2 oz white Light cream 2 oz","Cocktail glass",3
72,"Aloha Fruit punch","Collins Glass Water 3/4 cup Ginger 2 tsp Guava juice 2 cups Lemon juice 1 1/2 tblsp Pineapple 1 1/2 cup Sugar 1 cup Pineapple juice 3-4 cups","Collins Glass",7
73,"Amaretto And Cream","Cocktail glass Amaretto 1 1/2 oz Light cream 1 1/2 oz","Cocktail glass",2
74,"Amaretto Liqueur","Collins Glass Sugar 1 cup Food coloring 2 drops blue Glycerine 1/2 tsp Water 3/4 cup Apricot 2 Almond flavoring 1 tblsp Grain alcohol 1/2 cup pure Water 1/2 cup Brandy 1 cup Food coloring 3 drops yellow Food coloring 6 drops red","Collins Glass",11
75,"Amaretto Mist","Old-fashioned glass Amaretto 1 1/2 oz Lime 1","Old-fashioned glass",2
76,"Amaretto Rose","Collins glass Amaretto 1 1/2 oz Lime juice 1/2 oz Club soda 
","Collins glass",3
77,"Amaretto Shake","Collins Glass Chocolate ice-cream 2 scoops Brandy 2 oz Amaretto 2 oz","Collins Glass",3
78,"Amaretto Sour","Collins Glass Amaretto 1 1/2 oz Sour mix 3 oz","Collins Glass",2
79,"Amaretto Stinger","Cocktail glass Amaretto 1 1/2 oz White Creme de Menthe 3/4 oz","Cocktail glass",2
80,"Amaretto Stone Sour","Collins Glass Amaretto 1 part Sour mix 1 part Orange juice 1 part","Collins Glass",3
81,"Amaretto Stone Sour #3","Highball glass Sour mix 2 oz Amaretto 2 oz Tequila 2 oz Orange juice Add splash","Highball glass",4
82,"Amaretto Sunrise","Collins Glass Amaretto 1 cl Orange juice 4 oz Grenadine 1/4 cl","Collins Glass",3
83,"Amaretto Sunset","Collins Glass Triple sec 1/2 jigger Amaretto 3 shots Cider 1/2 cup Ice Add 1/2 cup","Collins Glass",4
84,"Amaretto Sweet & Sour","Margarita/Coupette glass Amaretto 
 Sweet and sour 
","Margarita/Coupette glass",2
85,"Amaretto Tea","Pousse cafe glass Tea 6 oz hot Amaretto 2 oz Whipped cream Chilled","Pousse cafe glass",3
86,"Americano","Collins glass Campari 1 oz Sweet Vermouth 1 oz red Lemon peel Twist of Orange peel Twist of","Collins glass",4
87,"Angel Face","Cocktail glass Apricot brandy 1/2 oz Apple brandy 1/2 oz Gin 1 oz","Cocktail glass",3
88,"Angelica Liqueur","Collins Glass Angelica root 3 tblsp chopped Water 1/4 cup Food coloring 1 drop yellow Food coloring 1 drop green Almond 1 tblsp chopped Allspice 1 cracked Cinnamon 1 one-inch Anise 3-6 crushed Coriander 1/8 tsp powdered Marjoram leaves 1 tblsp fresh chopped Vodka 1.5 cup Sugar 1/2 cup granulated","Collins Glass",12
89,"Apello","Collins Glass Orange juice 4 cl Grapefruit juice 3 cl Apple juice 1 cl Maraschino cherry 1","Collins Glass",4
90,"Apple Berry Smoothie","Highball Glass Berries 1 cup Apple 2","Highball Glass",2
91,"Apple Cider Punch #1","Collins Glass Apple cider 4 qt Brown sugar 1 cup Lemonade 6 oz frozen Orange juice 6 oz frozen Cloves 6 whole Allspice 6 whole Nutmeg 1 tsp ground Cinnamon 3 sticks","Collins Glass",8
92,"Apple Grande","Punch Bowl Tequila 3 oz Apple cider 12 oz","Punch Bowl",2
93,"Apple Karate","Highball Glass Apple juice 2 cups Carrot 1 large","Highball Glass",2
94,"Apple Pie with A Crust","Collins Glass Apple juice 3 parts Malibu rum 1 part Cinnamon 3 dashes","Collins Glass",3
95,"Apple Slammer","Shot glass 7-Up 1 part Apple schnapps 1 part","Shot glass",2
96,"Applecar","Cocktail glass Applejack 1 oz Triple sec 1 oz Lemon juice 1 oz","Cocktail glass",3
97,"Applejack","Cocktail glass Jack Daniels 1 oz Midori melon liqueur 1/2 oz Sour mix 2 oz","Cocktail glass",3
98,"Apricot Lady","Old-fashioned glass Light rum 1 1/2 oz Apricot brandy 1 oz Triple sec 1 tsp Lemon juice 1/2 oz Egg white 1 Orange 1","Old-fashioned glass",6
99,"Apricot punch","Punch bowl Apricot brandy 1 qt Champagne 4 fifth Vodka 1 fifth 7-Up 4 L Orange juice 1/2 gal","Punch bowl",5
100,"Archbishop","Old-fashioned glass Gin 2 oz Wine 1 oz Green Ginger Benedictine 1 tsp Lime 1","Old-fashioned glass",4
101,"Arctic Fish","Beer pilsner Vodka 1/3 part Grape soda 1/3 part Orange juice 1/3 part Ice lots Candy 1 dash","Beer pilsner",5
102,"Arctic Mouthwash","Cocktail glass Maui 5 oz blue Mountain Dew 5 oz Ice cubes
","Cocktail glass",3
103,"Arise My Love","Champagne flute Champagne Chilled Green Creme de Menthe 1 tsp","Champagne flute",2
104,"Arizona Antifreeze","Shot glass Vodka 1/3 oz Midori melon liqueur 1/3 oz Sweet and sour 1/3 oz","Shot glass",3
105,"Arizona Stingers","Hurricane glass Absolut Vodka 2 shots Iced tea 12 oz lemon","Hurricane glass",2
106,"Arizona Twister","Hurricane glass Vodka 1 shot Malibu rum 1 shot Gold tequila 1 shot Orange juice 1 splash Pineapple juice 1 splash Cream of coconut 1 splash Grenadine 1 dash Ice crushed Pineapple 1 wedge","Hurricane glass",9
107,"Army special","Cocktail glass Vodka 30 ml Gin 30 ml Lime juice cordial 45 ml Ice 1/2 glass crushed","Cocktail glass",4
108,"Arthur Tompkins","Whiskey sour glass Gin 2 oz Grand Marnier 1/2 oz Lemon juice 2 tsp Lemon peel 1 twist of","Whiskey sour glass",4
109,"Artillery","Cocktail glass Sweet Vermouth 1 1/2 tsp Gin 1 1/2 oz Bitters 2 dashes","Cocktail glass",3
110,"Artillery Punch","Punch bowl Tea 1 quart black Rye whiskey 1 quart Red wine 1 fifth Rum 1 pint Jamaican Brandy 1/2 pint Benedictine 1 1/2 oz Orange juice 1 pint Lemon juice 1/2 pint","Punch bowl",8
28,"AT&T","Highball Glass Absolut Vodka 1 oz Gin 1 oz Tonic water 4 oz","Highball Glass",3
111,"Atlantic Sun","Collins Glass Vodka 2 cl Smirnoff Southern Comfort 2 cl Passion fruit syrup 2 cl Sweet and sour 6 cl Club soda 1 dash","Collins Glass",5
112,"Atomic Lokade","Collins Glass Lemonade 5 oz Vodka 1 oz Blue Curacao 1/2 oz Triple sec 1/2 oz Sugar 
","Collins Glass",5
113,"Auburn Headbanger","Shot glass Jägermeister 1 oz Goldschlager 1 oz","Shot glass",2
114,"Autodafé","Highball glass Vodka 4 cl Lime juice 1 dash Soda water 
","Highball glass",3
115,"Avalanche","Highball glass Crown Royal 1 shot Kahlua 1 shot Cream Fill with","Highball glass",3
116,"Avalon","Highball glass Vodka 3 parts Pisang Ambon 1 part Apple juice 6 parts Lemon juice 1 1/2 part Lemonade 
","Highball glass",5
117,"Aviation","Cocktail glass Gin 4.5 cl lemon juice 1.5 cl maraschino liqueur 1.5 cl","Cocktail glass",3
118,"Aztec Punch","Punch bowl Lemonade 1 can Vodka 5 oz Rum 7 oz Ginger ale About 1 bottle","Punch bowl",4
119,"B-52","Shot glass Bailey's irish cream 1/3 Grand Marnier 1/3 Kahlua 1/4","Shot glass",3
120,"B-53","Collins Glass Kahlua 1/3 shot Sambuca 1/3 shot Grand Marnier 1/3 shot","Collins Glass",3
121,"Baby Eskimo","Collins Glass Kahlua 2 oz Milk 8 oz Vanilla ice-cream 2 scoops","Collins Glass",3
122,"Baby Guinness","Shot glass Kahlua 2 1/2 oz Bailey's irish cream 1/2 oz","Shot glass",2
123,"Bacardi Cocktail","Cocktail glass Light rum 1 3/4 oz Bacardi Lime juice 1 oz Sugar syrup 1/2 tsp Grenadine 1 dash","Cocktail glass",4
124,"Bailey's Dream Shake","Collins glass Bailey's irish cream 2 oz Vanilla ice-cream 2 scoops Cream 
","Collins glass",3
125,"Balmoral","Cocktail glass Scotch 1 1/2 oz Sweet Vermouth 1/2 oz Dry Vermouth 1/2 oz Bitters 2 dashes","Cocktail glass",4
126,"Banana Cantaloupe Smoothie","Highball Glass Cantaloupe Juice of 1/2 Banana 1","Highball Glass",2
127,"Banana Daiquiri","Champagne flute Light rum 1 1/2 oz Triple sec 1 tblsp Banana 1 Lime juice 1 1/2 oz Sugar 1 tsp Cherry 1","Champagne flute",6
128,"Banana Milk Shake","White wine glass Milk 10 cl cold Orange juice 4 cl Sugar syrup 2 tsp Banana 1/2","White wine glass",4
129,"Banana Strawberry Shake","Highball Glass Strawberries 1/2 lb frozen Banana 1 frozen Yoghurt 1 cup plain Milk 1 cup Honey to taste
","Highball Glass",5
130,"Banana Strawberry Shake Daiquiri-type","Cocktail Glass Strawberries 1/2 lb frozen Banana 1 frozen Apple juice 2 cups fresh","Cocktail Glass",3
131,"Barracuda","Margarita glass Rum 4.5 cl Galliano 1.5 cl Pineapple Juice 6 cl Lime Juice 1 dash Prosecco top up","Margarita glass",5
132,"Belgian Blue","Highball glass Vodka 2 cl Coconut liqueur 1 cl Blue Curacao 1 cl Sprite Fill with","Highball glass",4
133,"Bellini","Champagne Flute Champagne 6 oz Peach schnapps 1 oz","Champagne Flute",2
134,"Bellini Martini","Cocktail glass Ice 8 cubes Vodka 3 oz Peach nectar 1.5 oz Peach schnapps 1.5 oz Lemon peel 1","Cocktail glass",5
135,"Bermuda Highball","Highball glass Brandy 3/4 oz Gin 3/4 oz Dry Vermouth 3/4 oz Carbonated water 
 Lemon peel 
","Highball glass",5
136,"Berry Deadly","Collins Glass Everclear 2 pint Wine 1 bottle Boone Strawberry Hill Orange juice 1/2 gal Kool-Aid 1 gal Tropical Berry","Collins Glass",4
137,"Between The Sheets","Cocktail glass Brandy 1 oz Light rum 1 oz Triple sec 1 oz Lemon juice 1 oz","Cocktail glass",4
138,"Bible Belt","Highball glass Southern Comfort 2 oz Triple sec 1/2 oz Lime 2 wedges Sour mix 2 oz","Highball glass",4
139,"Big Red","Shot glass Irish cream 1/2 oz Goldschlager 1/2 oz","Shot glass",2
140,"Black & Tan","Pint glass Ale 1 part Bass pale Guinness stout 1 part","Pint glass",2
143,"Black and Brown","Beer pilsner Guinness stout 1/2 Root beer 1/2","Beer pilsner",2
141,"Black Forest Shake","Collins Glass Ice cubes
 Chocolate syrup 
 Cherry brandy 
 Vodka 
 Milk 
","Collins Glass",5
142,"Black Russian","Old-fashioned glass Coffee liqueur 3/4 oz Vodka 1 1/2 oz","Old-fashioned glass",2
144,"Blackthorn","Cocktail glass Sweet Vermouth 1 oz Sloe gin 1 1/2 oz Lemon peel 1 twist of","Cocktail glass",3
145,"Bleeding Surgeon","Collins glass Dark rum 1 shot Orange 1 slice Surge 1/2 glass Cranberry juice 1/2 glass","Collins glass",4
146,"Blind Russian","Collins glass Bailey's irish cream 3/4 oz Godiva liqueur 3/4 oz Kahlua 3/4 oz Butterscotch schnapps 1/2 oz Milk to fill
","Collins glass",5
147,"Bloody Maria","Old-fashioned glass Tequila 1 oz Tomato juice 2 oz Lemon juice 1 dash Tabasco sauce 1 dash Celery salt 1 dash Lemon 1 slice","Old-fashioned glass",6
148,"Bloody Mary","Old-fashioned glass Vodka 1 1/2 oz Tomato juice 3 oz Lemon juice 1 dash Worcestershire sauce 1/2 tsp Tabasco sauce 2-3 drops Lime 1 wedge","Old-fashioned glass",6
149,"Blue Lagoon","Highball glass Vodka 1 oz Blue Curacao 1 oz Lemonade 
 Cherry 
","Highball glass",4
150,"Blue Margarita","Cocktail glass Tequila 1 1/2 oz Blue Curacao 1 oz Lime juice 1 oz Salt Coarse","Cocktail glass",4
151,"Blue Mountain","Old-fashioned glass Añejo rum 1 1/2 oz Tia maria 1/2 oz Vodka 1/2 oz Orange juice 1 oz Lemon juice 1 tsp","Old-fashioned glass",5
152,"Bluebird","Cocktail glass Gin 1 1/2 oz Triple sec 1/2 oz Blue Curacao 1/2 oz Bitters 2 dashes Maraschino cherry 1 Lemon peel 1 twist of","Cocktail glass",6
153,"Bob Marley","Shot glass Midori melon liqueur 1/2 oz Jägermeister 1/2 oz Goldschlager 1/2 oz","Shot glass",3
154,"Bobby Burns Cocktail","Cocktail glass Sweet Vermouth 1 1/2 oz Scotch 1 1/2 oz Benedictine 1 1/4 tsp Lemon peel 1 twist of","Cocktail glass",4
155,"Boomerang","Cocktail glass Gin 2 oz Dry Vermouth 1/2 oz Bitters 2 dashes Maraschino liqueur 1/2 tsp Maraschino cherry 1","Cocktail glass",5
156,"Boozy Snickers Milkshake","Mason jar Vanilla Ice-Cream 3 cups Milk 1 cup Godiva liqueur 1/2 cup Whipped Cream for topping caramel sauce 4 tablespoons
 chocolate sauce 4 tablespoons
 Mini-snickers bars 15
","Mason jar",7
157,"Bora Bora","Highball glass Pineapple juice 10 cl Passion fruit juice 6 cl Lemon juice 1 cl Grenadine 1 cl","Highball glass",4
158,"Boston Sidecar","Cocktail glass Light rum 3/4 oz Brandy 3/4 oz Triple sec 3/4 oz Lime Juice of 1/2","Cocktail glass",4
159,"Boston Sour","Whiskey sour glass Blended whiskey 2 oz Lemon Juice of 1/2 Powdered sugar 1 tsp Egg white 1 Lemon 1 slice Cherry 1","Whiskey sour glass",6
160,"Bourbon Sling","Highball glass Sugar 1 tsp superfine Water 2 tsp Lemon juice 1 oz Bourbon 2 oz Lemon peel 1 twist of","Highball glass",5
161,"Bourbon Sour","Whiskey sour glass Bourbon 2 oz Lemon juice 1 oz Sugar 1/2 tsp superfine Orange 1 Maraschino cherry 1","Whiskey sour glass",5
162,"Boxcar","Whiskey sour glass Gin 1 1/2 oz Triple sec 1 oz Lemon juice 1 tsp Grenadine 1/2 tsp Egg white 1","Whiskey sour glass",5
163,"Brain Fart","Punch bowl Everclear 1 fifth Vodka 1 fifth Smirnoff red label Mountain Dew 2 L Surge 2 L Lemon juice 1 small bottle Rum 1 pint","Punch bowl",6
164,"Brainteaser","Shot Glass Sambuca 30 ml white Erin Cream 30 ml Advocaat 5 ml","Shot Glass",3
165,"Bramble","Old-Fashioned glass Gin 4 cl lemon juice 1.5 cl Sugar syrup 1 cl Creme de Mure 1.5 cl","Old-Fashioned glass",4
166,"Brandon and Will's Coke Float","Beer mug Vanilla ice-cream 2 scoops Coca-Cola 1 can Bourbon 2 oz","Beer mug",3
167,"Brandy Alexander","Cocktail glass Brandy 1 oz Creme de Cacao 1 oz white Light cream 1 oz Nutmeg 
","Cocktail glass",4
168,"Brandy Cobbler","Old-fashioned glass Sugar 1 tsp superfine Club soda 3 oz Lemon 1 Brandy 2 oz Maraschino cherry 1 Orange 1","Old-fashioned glass",6
169,"Brandy Flip","Whiskey sour glass Brandy 2 oz Egg 1 whole Sugar 1 tsp superfine Light cream 1/2 oz Nutmeg 1/8 tsp grated","Whiskey sour glass",5
170,"Brandy Sour","Whiskey sour glass Brandy 2 oz Lemon Juice of 1/2 Powdered sugar 1/2 tsp Lemon 1/2 slice Cherry 1","Whiskey sour glass",5
171,"Brave Bull Shooter","Shot glass Tequila 1/2 oz Tabasco sauce 1/2 oz","Shot glass",2
172,"Bruce's Puce","Shot glass Grenadine 
 Kahlua 
 Bailey's irish cream 
","Shot glass",3
173,"Bruised Heart","Shot glass Vodka 1/2 oz Chambord raspberry liqueur 1/2 oz Peachtree schnapps 1/2 oz Cranberry juice 1/2 oz","Shot glass",4
174,"Bubble Gum","Shot glass Vodka 1/4 Banana liqueur 1/4 Orange juice 1/4 Peach schnapps 1/4","Shot glass",4
175,"Buccaneer","Beer pilsner Corona 1 Bacardi Limon 1 shot","Beer pilsner",2
176,"Bumble Bee #1","Shot glass Bailey's irish cream 1/3 oz Kahlua 1/3 oz Sambuca 1/3 oz","Shot glass",3
177,"Butter Baby","Beer mug Vanilla Ice-Cream 2 scoops Butterscotch schnapps 1 part Milk full glass Vodka 2 parts","Beer mug",4
178,"Cafe Savoy","Coffee mug Coffee 
 Milk 1/2 oz Triple sec 1/2 oz","Coffee mug",3
179,"Caipirinha","Old-fashioned glass Sugar 2 tsp Lime 1 Cachaca 2 1/2 oz","Old-fashioned glass",3
180,"Caipirissima","Collins Glass Lime 2 Sugar 2 tblsp White rum 2-3 oz Ice crushed","Collins Glass",4
181,"California Lemonade","Collins glass Blended whiskey 2 oz Lemon Juice of 1 Lime Juice of 1 Powdered sugar 1 tblsp Grenadine 1/4 tsp Carbonated water 
","Collins glass",6
182,"California Root Beer","Highball glass Kahlua 3/4 oz Galliano 3/4 oz Soda water Fill with","Highball glass",3
183,"Campari Beer","Beer mug Lager 1 bottle Campari 1 1/2 cl","Beer mug",2
184,"Caribbean Boilermaker","Beer pilsner Corona 1 bottle Light rum 1 shot","Beer pilsner",2
185,"Caribbean Orange Liqueur","Collins Glass Orange 3 large Vodka 3 cups Sugar 1 1/3 cup superfine","Collins Glass",3
186,"Casino","Cocktail glass Gin 2 oz Maraschino liqueur 1/4 tsp Lemon juice 1/4 tsp Orange bitters 2 dashes Cherry 1","Cocktail glass",5
187,"Casino Royale","Whiskey sour glass Gin 2 oz Lemon juice 1/2 oz Maraschino liqueur 1 tsp Orange bitters 1 dash Egg yolk 1","Whiskey sour glass",5
188,"Castillian Hot Chocolate","Coffee mug Cocoa powder 1/2 cup Sugar 1 cup Cornstarch 7 tsp Water 1/2 cup Milk 1 qt","Coffee mug",5
189,"Champagne Cocktail","Champagne flute Champagne Chilled Sugar 1 piece Bitters 2 dashes Lemon peel 1 twist of Cognac 1 dash","Champagne flute",5
190,"Cherry Electric Lemonade","Pint glass Gin 1 oz Tequila 1 oz Vodka 1 oz White rum 1 oz Triple Sec 1 oz Cherry Grenadine 1 oz Sweet and sour 1 oz Club soda 3 oz","Pint glass",8
191,"Cherry Rum","Cocktail glass Light rum 1 1/4 oz Cherry brandy 1 1/2 tsp Light cream 1 tblsp","Cocktail glass",3
192,"Chicago Fizz","Highball glass Light rum 1 oz Port 1 oz Lemon Juice of 1/2 Powdered sugar 1 tsp Egg white 1 Carbonated water 
","Highball glass",6
193,"Chocolate Beverage","Coffee mug Milk 6 cups Chocolate 3 oz Mexican Cinnamon 1 tsp powdered Egg 3","Coffee mug",4
194,"Chocolate Black Russian","Champagne flute Kahlua 1 oz Vodka 1/2 oz Chocolate ice-cream 5 oz","Champagne flute",3
195,"Chocolate Drink","Coffee mug Chocolate 125 gr Milk 3/4 L","Coffee mug",2
196,"Chocolate Milk","Shot Glass Chocolate liqueur 1/2 shot Milk 1/2 shot Amaretto 1 dash","Shot Glass",3
197,"Chocolate Monkey","Parfait glass Banana liqueur 1 shot Creme de Cacao 2 shots Chocolate ice-cream 2 scoops Chocolate syrup 1 oz Chocolate milk 4 oz Whipped cream 1 Cherry 1 Banana 1 piece","Parfait glass",8
198,"Citrus Coke","Highball Glass Bacardi Limon 1 part Coca-Cola 2 parts","Highball Glass",2
199,"City Slicker","Cocktail glass Brandy 2 oz Triple sec 1/2 oz Lemon juice 1 tblsp","Cocktail glass",3
200,"Classic Old-Fashioned","Old-fashioned glass Bitters 3 dashes Water 1 tsp Sugar 1 Bourbon 3 oz Orange 1 Maraschino cherry 1","Old-fashioned glass",6
201,"Clove Cocktail","Cocktail glass Sweet Vermouth 1 oz Sloe gin 1/2 oz Wine 1/2 oz Muscatel","Cocktail glass",3
202,"Clover Club","Cocktail glass Gin 1 1/2 oz Grenadine 2 tsp Lemon Juice of 1/2 Egg white 1","Cocktail glass",4
204,"Coffee-Vodka","Collins Glass Water 2 cups Sugar 2 cups white Coffee 1/2 cup instant Vanilla 1/2 Vodka 1 1/2 cup Caramel coloring 
","Collins Glass",6
203,"Coffee Liqueur","Collins Glass Coffee 10 tblsp instant Vanilla extract 4 tblsp Sugar 2 1/2 cups Vodka 1 qt Water 2 1/2 cups","Collins Glass",5
205,"Coke and Drops","Cocktail glass Coca-Cola 1 dl Lemon juice 7 drops","Cocktail glass",2
206,"Cosmopolitan","Cocktail glass Absolut Citron 1 1/4 oz Lime juice 1/4 oz Cointreau 1/4 oz Cranberry juice 1/4 cup","Cocktail glass",4
207,"Cosmopolitan Martini","Cocktail Glass Cointreau 1/2 oz Vodka 1 oz Lime Juice of 1/2 Cranberry juice 1 splash","Cocktail Glass",4
208,"Cranberry Cordial","Collins Glass Cranberries 1/2 kg chopped Sugar 3/4 L Light rum 1/2 L","Collins Glass",3
209,"Cranberry Punch","Punch Bowl Cranberry juice 4 cups Sugar 1 1/2 cup Pineapple juice 4 cups Almond flavoring 1 tblsp Ginger ale 2 qt","Punch Bowl",5
210,"Cream Soda","Highball glass Spiced rum 1 oz Ginger ale 
","Highball glass",2
211,"Creme de Menthe","Collins Glass Sugar 8 cups Water 6 cups Grain alcohol 1 pint Peppermint extract 1 oz pure Food coloring 1 tblsp green","Collins Glass",5
212,"Cuba Libra","Highball glass Dark rum 1-2 shot Lime Squeeze Coca-Cola Fill with Ice 
","Highball glass",4
213,"Cuba Libre","Highball glass Light rum 2 oz Lime Juice of 1/2","Highball glass",2
214,"Daiquiri","Cocktail glass Light rum 1 1/2 oz Lime Juice of 1/2 Powdered sugar 1 tsp","Cocktail glass",3
215,"Damned if you do","Shot glass Whiskey 0.75 oz Hot Damn 0.25 oz","Shot glass",2
216,"Danbooka","Coffee Mug Coffee 3 parts Everclear 1 part","Coffee Mug",2
218,"Dark and Stormy","Highball glass Dark Rum 5 cl Ginger Beer 10 cl","Highball glass",2
217,"Dark Caipirinha","Highball glass demerara Sugar 2 tsp Lime 1 Cachaca 2 1/2 oz","Highball glass",3
219,"Darkwood Sling","Cocktail glass Cherry Heering 1 part Soda water 1 part Orange juice 1 part Ice cubes
","Cocktail glass",4
220,"Derby","Cocktail glass gin 6 cl Peach Bitters 2 dashes Mint 2 Fresh leaves","Cocktail glass",3
221,"Diesel","Pint glass Lager 1/2 pint Cider 1/2 pint Blackcurrant cordial 1 dash","Pint glass",3
222,"Dirty Martini","Cocktail glass Vodka 70ml/2fl oz Dry Vermouth 1 tbsp Olive Brine 2 tbsp Lemon 1 wedge Olive 1","Cocktail glass",5
223,"Dirty Nipple","Shot glass Kahlua 
 Sambuca 
 Bailey's irish cream 
","Shot glass",3
224,"Downshift","Hurricane glass Fruit punch 2 part Sprite 1 part Tequila 2 shots 151 proof rum Float Bacardi","Hurricane glass",4
225,"Dragonfly","Highball glass Gin 1 1/2 oz Ginger ale 4 oz Lime 1","Highball glass",3
226,"Drinking Chocolate","Coffee mug Heavy cream 2 oz Milk 6-8 oz Cinnamon 1 stick Vanilla 1 Chocolate 2 oz finely chopped dark Whipped cream Fresh","Coffee mug",6
227,"Dry Rob Roy","Cocktail glass Scotch 2 1/2 oz Dry Vermouth 1 1/2 tsp Lemon peel 1 twist of","Cocktail glass",3
228,"Dubonnet Cocktail","Cocktail glass Dubonnet Rouge 1 1/2 oz Gin 3/4 oz Bitters 1 dash Lemon peel 1 twist of","Cocktail glass",4
229,"Duchamp's Punch","Old-fashioned glass Pisco 5 cl Lime Juice 2.5 cl Pineapple Syrup 2.5 cl St. Germain 1.5 cl Angostura Bitters 2 Dashes Pepper Pinch Lavender 2 sprigs","Old-fashioned glass",7
233,"Egg-Nog - Classic Cooked","Pitcher Egg 6 Sugar 1/4 cup Salt 1/4 tsp Milk 1 qt Vanilla extract 1 tsp","Pitcher",5
230,"Egg Cream","Coffee mug Chocolate syrup 2 tblsp Milk 6 oz whole Soda water 6 oz","Coffee mug",3
232,"Egg Nog - Healthy","Collins Glass Egg 1/2 cup Sugar 3 tblsp Condensed milk 13 oz skimmed Milk 3/4 cup skimmed Vanilla extract 1 tsp Rum 1 tsp Nutmeg 
","Collins Glass",7
231,"Egg Nog #4","Punch bowl Egg yolk 6 Sugar 1/4 cup Nutmeg Ground Sugar 1/4 cup Milk 2 cups Light rum 1/2 cup Bourbon 1/2 cup Vanilla extract 1 tsp Salt 1/4 tsp Whipping cream 1 cup Egg white 6","Punch bowl",11
234,"English Highball","Highball glass Brandy 3/4 oz Gin 3/4 oz Sweet Vermouth 3/4 oz Carbonated water 
 Lemon peel 
","Highball glass",5
235,"English Rose Cocktail","Cocktail glass Apricot brandy 3/4 oz Gin 1 1/2 oz Dry Vermouth 3/4 oz Grenadine 1 tsp Lemon juice 1/4 tsp Cherry 1","Cocktail glass",6
236,"Espresso Martini","Cocktail glass Vodka 5 cl Kahlua 1 cl Sugar syrup 1 dash","Cocktail glass",3
237,"Fahrenheit 5000","Shot glass Firewater 1/2 oz Absolut Peppar 1/2 oz Tabasco sauce 1 dash","Shot glass",3
238,"Flaming Dr. Pepper","Collins Glass Amaretto 1 oz Vodka 1 oz 151 proof rum 1 oz Bacardi Dr. Pepper 1 oz Beer 1 oz","Collins Glass",5
239,"Flaming Lamborghini","Cocktail glass Kahlua 1 oz Sambuca 1 oz Blue Curacao 1 oz Bailey's irish cream 1 oz","Cocktail glass",4
240,"Flander's Flake-Out","Collins Glass Sambuca 1/4 glass Sarsaparilla 3/4 glass","Collins Glass",2
241,"Flying Dutchman","Old-fashioned glass Gin 2 oz Triple sec 1/2 oz","Old-fashioned glass",2
242,"Flying Scotchman","Cocktail glass Scotch 1 oz Sweet Vermouth 1 oz Bitters 1 dash Sugar syrup 1/4 tsp","Cocktail glass",4
243,"Foxy Lady","Cocktail glass Amaretto 1/2 oz Creme de Cacao 1/2 oz Light cream 2 oz","Cocktail glass",3
244,"Frappé","Highball Glass Coffee 1/2 cup black Milk 1/2 cup Sugar 1-2 tsp","Highball Glass",3
245,"Freddy Kruger","Shot glass Jägermeister 1/2 oz Sambuca 1/2 oz Vodka 1/2 oz","Shot glass",3
246,"French ""75""","Collins glass Gin 1 1/2 oz Sugar 2 tsp superfine Lemon juice 1 1/2 oz Champagne 4 oz Chilled Orange 1 Maraschino cherry 1","Collins glass",6
247,"French 75","Collins glass Gin 1 1/2 oz Sugar 2 tsp superfine Lemon juice 1 1/2 oz Champagne 4 oz Chilled Orange 1 Maraschino cherry 1","Collins glass",6
248,"French Connection","Old-fashioned glass Cognac 1 1/2 oz Amaretto 3/4 oz","Old-fashioned glass",2
249,"French Martini","Cocktail glass Vodka 4.5 cl Raspberry Liqueur 1.5 cl pineapple juice 1.5 cl","Cocktail glass",3
250,"Frisco Sour","Whiskey sour glass Blended whiskey 2 oz Benedictine 1/2 oz Lemon Juice of 1/4 Lime Juice of 1/2 Lemon 1 slice Lime 1 slice","Whiskey sour glass",6
251,"Frozen Daiquiri","Champagne flute Light rum 1 1/2 oz Triple sec 1 tblsp Lime juice 1 1/2 oz Sugar 1 tsp Cherry 1 Ice 1 cup crushed","Champagne flute",6
252,"Frozen Mint Daiquiri","Old-fashioned glass Light rum 2 oz Lime juice 1 tblsp Mint 6 Sugar 1 tsp","Old-fashioned glass",4
253,"Frozen Pineapple Daiquiri","Champagne flute Light rum 1 1/2 oz Pineapple 4 chunks Lime juice 1 tblsp Sugar 1/2 tsp","Champagne flute",4
254,"Fruit Cooler","Highball Glass Apple juice 1 can frozen Strawberries 1 cup Sugar 2 tblsp Lemon 1 Apple 1 Soda water 1 L Ice 
","Highball Glass",7
255,"Fruit Flip-Flop","Highball Glass Yoghurt 1 cup Fruit juice 1 cup","Highball Glass",2
256,"Fruit Shake","Highball Glass Yoghurt 1 cup fruit Banana 1 Orange juice 4 oz frozen Fruit 1/2 piece textural Ice 6","Highball Glass",5
257,"Fuzzy Asshole","Coffee mug Coffee 1/2 Peach schnapps 1/2","Coffee mug",2
259,"Gagliardo","Cocktail glass Peach Vodka 5 parts Lemon juice 3 parts Galliano 1 part Sirup of roses 1 part","Cocktail glass",4
260,"Gentleman's Club","Old-fashioned glass Gin 1 1/2 oz Brandy 1 oz Sweet Vermouth 1 oz Club soda 1 oz","Old-fashioned glass",4
258,"GG","Collins Glass Galliano 2 1/2 shots Ginger ale 
","Collins Glass",2
261,"Gideon's Green Dinosaur","Collins glass Dark rum 1/2 oz Vodka 1/2 oz Triple sec 1/2 oz Tequila 1/2 oz Melon liqueur 1/2 oz Mountain Dew Fill with","Collins glass",6
262,"Gin And Tonic","Highball glass Gin 2 oz Tonic water 5 oz Lime 1","Highball glass",3
263,"Gin Cooler","Collins glass Gin 2 oz Carbonated water 
 Powdered sugar 
 Orange spiral 
 Lemon peel 
","Collins glass",5
264,"Gin Daisy","Old-fashioned glass Gin 2 oz Lemon juice 1 oz Sugar 1/2 tsp superfine Grenadine 1/2 tsp Maraschino cherry 1 Orange 1","Old-fashioned glass",6
265,"Gin Fizz","Highball glass Gin 2 oz Lemon Juice of 1/2 Powdered sugar 1 tsp","Highball glass",3
266,"Gin Rickey","Highball glass Gin 2 oz Grenadine 1 tsp lemon Juice of 1/2 Soda Water Top up with Lime Garnish","Highball glass",5
267,"Gin Sling","Old-fashioned glass Gin 2 oz Lemon Juice of 1/2 Powdered sugar 1 tsp Water 1 tsp Orange peel Twist of","Old-fashioned glass",5
268,"Gin Smash","Old-fashioned glass Gin 2 oz Carbonated water 1 oz Sugar 1 cube Mint 4 Orange 1 slice Cherry 1","Old-fashioned glass",6
269,"Gin Sour","Whiskey sour glass Gin 2 oz Lemon juice 1 oz Sugar 1/2 tsp superfine Orange 1 Maraschino cherry 1","Whiskey sour glass",5
270,"Gin Squirt","Highball glass Gin 1 1/2 oz Grenadine 1 tsp Powdered sugar 1 tblsp Pineapple 3 chunks Strawberries 2 Carbonated water 
","Highball glass",6
271,"Gin Swizzle","Highball glass Lime juice 1 1/2 oz Sugar 1 tsp superfine Gin 2 oz Bitters 1 dash Club soda 3 oz","Highball glass",5
272,"Gin Toddy","Old-fashioned glass Gin 2 oz Water 2 tsp Powdered sugar 1/2 tsp Lemon peel 1 twist of","Old-fashioned glass",4
273,"Girl From Ipanema","Wine Glass Cachaca 25 ml Lemon Juice 15 ml Agave Syrup 10 ml Champagne top up with","Wine Glass",4
274,"Gluehwein","Irish coffee cup Red wine 1 L Water 125 ml Sugar 60 gr Cinnamon 1 Cloves 3 Lemon peel 1 tblsp","Irish coffee cup",6
275,"Godchild","Champagne flute Vodka 1 oz Amaretto 1 oz Heavy cream 1 oz","Champagne flute",3
276,"Godfather","Old-fashioned glass Scotch 1 1/2 oz Amaretto 3/4 oz","Old-fashioned glass",2
277,"Godmother","Old-fashioned glass Vodka 1 1/2 oz Amaretto 3/4 oz","Old-fashioned glass",2
278,"Golden dream","Cocktail glass Galliano 2 parts Triple Sec 2 parts orange juice 2 parts Cream 1 part","Cocktail glass",4
279,"Grand Blue","Old-fashioned glass Malibu rum 1 1/2 cl Peach schnapps 1 1/2 cl Blue Curacao 1 1/2 cl Sweet and sour 3 cl","Old-fashioned glass",4
280,"Grape lemon pineapple Smoothie","Highball glass Grapes 1 cup Lemon 1/4 Pineapple 1/2","Highball glass",3
281,"Grass Skirt","Old-fashioned glass Gin 1 1/2 oz Triple sec 1 oz Pineapple juice 1 oz Grenadine 1/2 tsp Pineapple 1","Old-fashioned glass",5
282,"Grasshopper","Cocktail glass Green Creme de Menthe 3/4 oz Creme de Cacao 3/4 oz white Light cream 3/4 oz","Cocktail glass",3
283,"Green Goblin","Pint glass Cider 1/2 pint hard Lager 1/2 pint Blue Curacao 1 shot","Pint glass",3
284,"Grim Reaper","Old-fashioned glass Kahlua 1 oz 151 proof rum 1 oz Bacardi Grenadine 1 dash","Old-fashioned glass",3
285,"Grizzly Bear","Collins Glass Amaretto 1 part Jägermeister 1 part Kahlua 1 part Milk 2 1/2 parts","Collins Glass",4
286,"H.D.","Beer mug Whisky 4 cl Bailey's irish cream 8 cl Coffee 
","Beer mug",3
287,"Happy Skipper","Highball glass Spiced rum 1 1/2 cl Ginger ale 
 Lime 
 Ice 
","Highball glass",4
288,"Harvey Wallbanger","Collins glass Vodka 1 oz Galliano 1/2 oz Orange juice 4 oz","Collins glass",3
289,"Havana Cocktail","Cocktail glass Light rum 1 oz Pineapple juice 1 oz Lemon juice 1 tsp","Cocktail glass",3
290,"Hawaiian Cocktail","Cocktail glass Gin 2 oz Triple sec 1/2 oz Pineapple juice 1 tblsp","Cocktail glass",3
291,"Hemingway Special","Cocktail glass Rum 12 parts Grapefruit Juice 8 parts Maraschino Liqueur 3 parts Lime Juice 3 parts","Cocktail glass",4
292,"Herbal flame","Mason jar Hot Damn 5 shots Tea very sweet","Mason jar",2
293,"Highland Fling Cocktail","Cocktail glass Scotch 1 1/2 oz Sweet Vermouth 3/4 oz Orange bitters 2 dashes Olive 1","Cocktail glass",4
294,"Holloween Punch","Punch bowl Grape juice 
 Carbonated soft drink , orange
","Punch bowl",2
295,"Homemade Kahlua","Collins Glass Sugar 2 1/2 cups Corn syrup 1 cup Coffee 1 1/2 oz instant Vanilla extract 2 oz Water 3 cups boiling Vodka 1 fifth","Collins Glass",6
296,"Horse's Neck","Highball glass Lemon peel 1 long strip Brandy 2 oz Ginger ale 5 oz Bitters 2 dashes","Highball glass",4
297,"Hot Chocolate to Die for","Coffee mug Chocolate 12 oz fine Butter 1 tsp Vanilla extract 1/2 tsp Half-and-half 1 cup Marshmallows mini","Coffee mug",5
298,"Hot Creamy Bush","Irish coffee cup Irish whiskey 1 shot Bailey's irish cream 3/4 shot Coffee 6 oz hot","Irish coffee cup",3
299,"Ice Pick #1","Collins Glass Vodka 1 1/2 oz Iced tea 6 oz Lemon juice to taste
","Collins Glass",3
300,"Iced Coffee","Coffee mug Coffee 1/4 cup instant Sugar 1/4 cup Water 1/4 cup hot Milk 4 cups cold","Coffee mug",4
301,"Iced Coffee Fillip","Coffee mug Kahlua 2 tsp Coffee Strong cold","Coffee mug",2
302,"Imperial Cocktail","Cocktail glass Lime juice 4 cl Gin 2 cl Aperol 4 cl","Cocktail glass",3
303,"Imperial Fizz","Highball glass Light rum 1/2 oz Blended whiskey 1 1/2 oz Lemon Juice of 1/2 Powdered sugar 1 tsp Carbonated water 
","Highball glass",5
304,"Ipamena","Wine Glass Lime ½ Brown sugar 2 tsp Passion fruit juice 4 cl Ginger ale top up with Ice fill","Wine Glass",5
305,"Irish Coffee","Irish coffee cup Irish whiskey 1 1/2 oz Coffee 8 oz Sugar 1 tsp Whipped cream 1 tblsp","Irish coffee cup",4
306,"Irish Cream","Irish coffee cup Scotch 1 cup Half-and-half 1 1/4 cup Condensed milk 1 can sweetened Coconut syrup 3 drops Chocolate syrup 1 tblsp","Irish coffee cup",5
307,"Irish Curdling Cow","Highball glass Bailey's irish cream 3/4 oz Bourbon 3/4 oz Vodka 3/4 oz Orange juice 2-3 oz","Highball glass",4
308,"Irish Russian","Highball glass Vodka 1 shot Kahlua 1 shot Coca-Cola 1 dash Guinness stout Fill with","Highball glass",4
309,"Irish Spring","Collins glass Irish whiskey 1 oz Peach brandy 1/2 oz Orange juice 1 oz Sweet and sour 1 oz Orange 1 slice Cherry 1","Collins glass",6
311,"Jack's Vanilla Coke","Old-fashioned glass Ice 4-5 Tennessee whiskey 2 oz Vanilla extract 1 tsp Coca-Cola 10-12 oz","Old-fashioned glass",4
310,"Jack Rose Cocktail","Cocktail glass Apple brandy 1 1/2 oz Grenadine 1 tsp Lime Juice of 1/2","Cocktail glass",3
312,"Jackhammer","Collins Glass Jack Daniels 1 oz Amaretto 1 oz","Collins Glass",2
313,"Jam Donut","Shot glass Baileys irish cream 2/3 oz Chambord raspberry liqueur 1/3 oz Sugar syrup 1 tsp Sugar 2 pinches","Shot glass",4
314,"Jamaica Kiss","Hurricane glass Coffee liqueur 1 shot Light rum 1 shot Jamaican Ice cubes
 Milk 
","Hurricane glass",4
315,"Jamaican Coffee","Champagne flute Rum 1/6 glass Coffee 1/6 glass strong black Water 1/2 glass cold Whipped cream 
","Champagne flute",4
316,"Japanese Fizz","Highball glass Blended whiskey 1 1/2 oz Lemon Juice of 1/2 Powdered sugar 1 tsp Port 1 tblsp Egg white 1 Carbonated water 
","Highball glass",6
317,"Jello shots","Shot glass Vodka 2 cups Jello 3 packages Water 3 cups","Shot glass",3
318,"Jelly Bean","Cordial glass Blackberry brandy 1 oz Anis 1 oz","Cordial glass",2
319,"Jewel Of The Nile","Cocktail glass Gin 1 1/2 oz Green Chartreuse 1/2 oz Yellow Chartreuse 1/2 oz","Cocktail glass",3
320,"Jitterbug","Cocktail Glass Gin 2 jiggers Vodka 1 jigger Grenadine 3 dashes Lime juice 1 shot Sugar Around rim put 1 pinch Sugar syrup 3 dashes Soda water Fill to top with","Cocktail Glass",7
321,"John Collins","Collins glass Bourbon 2 oz Lemon juice 1 oz Sugar 1 tsp superfine Club soda 3 oz Maraschino cherry 1 Orange 1","Collins glass",6
322,"Just a Moonmint","Highball Glass Milk 2 cups Chocolate syrup 
 Mint syrup 
","Highball Glass",3
323,"Kamikaze","Cocktail glass Vodka 1 oz Triple sec 1 oz Lime juice 1 oz","Cocktail glass",3
324,"Karsk","Highball glass Coffee 1 part Grain alcohol 2 parts","Highball glass",2
325,"Kentucky B And B","Brandy snifter Bourbon 2 oz Benedictine 1/2 oz","Brandy snifter",2
326,"Kentucky Colonel","Cocktail glass Bourbon 3 oz Benedictine 1/2 oz Lemon peel 1 twist of","Cocktail glass",3
327,"Kill the cold Smoothie","Highball glass Ginger 1 inch Lemon 1/4 Water 1 cup hot","Highball glass",3
328,"Kioki Coffee","Coffee mug Kahlua 1 oz Brandy 1/2 oz Coffee 
","Coffee mug",3
329,"Kir","Wine Glass Creme de Cassis 1 part Champagne 5 parts","Wine Glass",2
330,"Kir Royale","Champagne Flute Creme de Cassis 1 part Champagne 5 parts","Champagne Flute",2
331,"Kiss me Quick","Highball glass Cranberry vodka 4 cl Apfelkorn 2 cl Schweppes Russchian 7 cl Apple juice 8 cl Ice cubes
","Highball glass",5
332,"Kiwi Lemon","Highball glass Kiwi liqueur 1 part Bitter lemon 2 parts Ice cubes
","Highball glass",3
333,"Kiwi Papaya Smoothie","Highball Glass Kiwi 3 Papaya 1/2","Highball Glass",2
335,"Kool-Aid Shot","Old-fashioned glass Vodka 1 shot Amaretto 1 shot Sloe gin 1 shot Triple sec 1 shot Cranberry juice 
","Old-fashioned glass",5
336,"Kool-Aid Slammer","Shot glass Kool-Aid 1/2 oz Grape Vodka 1/2 oz","Shot glass",2
334,"Kool First Aid","Shot glass 151 proof rum 2 oz light Kool-Aid 1/2 tsp Tropical","Shot glass",2
337,"Kurant Tea","Champagne flute Absolut Kurant 4 cl Tea Turkish apple Sugar (if needed)
","Champagne flute",3
338,"Lady Love Fizz","Cocktail glass Gin 2 oz Light cream 2 tsp Powdered sugar 1 tsp Lemon Juice of 1/2 Egg white 1 Carbonated water 
","Cocktail glass",6
339,"Lassi - A South Indian Drink","Highball Glass Yoghurt 1/2 cup plain Water 1 1/4 cup cold Cumin seed 1/2 tsp ground roasted Salt 1/4 tsp Mint 1/4 tsp dried","Highball Glass",5
340,"Lassi - Mango","Highball glass Mango 2 Yoghurt 2 cups Sugar 1/2 cup Water 1 cup iced","Highball glass",4
341,"Lassi - Sweet","Highball glass Yoghurt 1 cup Water 2 cups cold Sugar 4 tblsp Salt pinch Lemon juice 2 tblsp","Highball glass",5
342,"Lassi Khara","Highball Glass Yoghurt 1 cup Water 2 cups cold Salt 1 tsp Asafoetida 1 pinch","Highball Glass",4
343,"Lassi Raita","Highball Glass Yoghurt 2 cups Ice 4-6 Sugar 
 Lime 
 Salt 
","Highball Glass",5
344,"Lemon Drop","Cocktail glass Absolut Vodka 1 1/2 shot Cointreau 1 1/2 shot Lemon Juice of 1 wedge","Cocktail glass",3
345,"Lemon Shot","Shot glass Galliano 1/2 oz Absolut Citron 1/2 oz Lemon wedge
 Sugar Bacardi","Shot glass",4
346,"Lemouroudji","Highball Glass Ginger 2 pieces Water 1 gal Lemon 1 lb Sugar 1 cup Cayenne pepper ground","Highball Glass",5
347,"Limeade","Highball glass Lime Juice of 1 Sugar 1 tblsp Soda water (seltzer water)
","Highball glass",3
348,"Limona Corona","Beer Glass Corona 1 bottle Bacardi Limon 1 oz","Beer Glass",2
349,"Loch Lomond","Cocktail glass Scotch 2 oz Drambuie 1/2 oz Dry Vermouth 1/2 oz Lemon peel 1 twist of","Cocktail glass",4
350,"London Town","Cocktail glass Gin 1 1/2 oz Maraschino liqueur 1/2 oz Orange bitters 2 dashes","Cocktail glass",3
351,"Lone Tree Cocktail","Cocktail glass Sweet Vermouth 3/4 oz Gin 1 1/2 oz","Cocktail glass",2
352,"Lone Tree Cooler","Collins glass Carbonated water 
 Gin 
 Dry Vermouth 
 Powdered sugar 
 Orange spiral 
 Lemon peel 
","Collins glass",6
353,"Long Island Iced Tea","Highball glass Vodka 1/2 oz Tequila 1/2 oz Light rum 1/2 oz Gin 1/2 oz Coca-Cola 1 dash Lemon peel Twist of","Highball glass",6
354,"Long Island Tea","Highball glass Vodka 1/2 oz Light rum 1/2 oz Gin 1/2 oz Tequila 1/2 oz Lemon Juice of 1/2 Coca-Cola 1 splash","Highball glass",6
355,"Long vodka","Highball glass Vodka 5 cl Lime 1/2 Angostura bitters 4 dashes Tonic water 1 dl Schweppes Ice 4","Highball glass",5
356,"Lord And Lady","Old-fashioned glass Dark rum 1 1/2 oz Tia maria 1/2 oz","Old-fashioned glass",2
357,"Lunch Box","Pint glass Beer 3/4 bottle Amaretto 1 shot Orange juice 1 oz","Pint glass",3
358,"Mai Tai","Collins glass Light rum 1 oz Orgeat syrup 1/2 oz Triple sec 1/2 oz Sweet and sour 1 1/2 oz Cherry 1","Collins glass",5
359,"Malibu Twister","Highball glass Malibu rum 2 parts Tropicana 2 parts Cranberry juice 1 part","Highball glass",3
360,"Mango Orange Smoothie","Highball Glass Mango 1 Orange 2","Highball Glass",2
361,"Manhattan","Cocktail glass Sweet Vermouth 3/4 oz Bourbon 2 1/2 oz Blended Angostura bitters dash Ice 2 or 3 Maraschino cherry 1 Orange peel 1 twist of","Cocktail glass",6
362,"Margarita","Cocktail glass Tequila 1 1/2 oz Triple sec 1/2 oz Lime juice 1 oz","Cocktail glass",3
363,"Martinez Cocktail","Cocktail glass Gin 1 oz Dry Vermouth 1 oz Triple sec 1/4 tsp Orange bitters 1 dash Cherry 1","Cocktail glass",5
364,"Martini","Cocktail glass Gin 1 2/3 oz Dry Vermouth 1/3 oz Olive 1","Cocktail glass",3
365,"Mary Pickford","Cocktail glass Light rum 1 1/2 oz Pineapple juice 1 oz Maraschino liqueur 1/2 tsp Grenadine 1/2 tsp Maraschino cherry 1","Cocktail glass",5
366,"Masala Chai","Coffee Mug Water 2 cups Tea 3-4 tsp Ginger 1 chunk dried Cardamom 3-4 crushed Cloves 3 Cinnamon 1 piece Black pepper 1-2 whole Sugar to taste
","Coffee Mug",8
367,"Melya","Coffee mug Espresso 
 Honey Unsweetened","Coffee mug",2
368,"Miami Vice","Cocktail glass 151 proof rum 5 oz Bacardi Pina colada mix frozen Daiquiri mix frozen","Cocktail glass",3
369,"Microwave Hot Cocoa","Coffee mug Sugar 5 tblsp Cocoa powder 3 tblsp Salt 1 dash Water 3 tblsp hot Milk 2 cups Vanilla extract 1/4 tsp","Coffee mug",6
370,"Midnight Cowboy","Cocktail glass Bourbon 2 oz Dark rum 1 oz Heavy cream 1/2 oz","Cocktail glass",3
371,"Midnight Manx","Old-fashioned glass Kahlua 1 oz Bailey's irish cream 1 oz Goldschlager dash Heavy cream 2 oz Coffee 2 oz Hazlenut","Old-fashioned glass",5
372,"Midnight Mint","Cocktail glass Bailey's irish cream 1 oz White Creme de Menthe 3/4 oz Cream 3/4 oz double","Cocktail glass",3
373,"Mimosa","Champagne flute Champagne Chilled Orange juice 2 oz","Champagne flute",2
374,"Mississippi Planters Punch","Collins glass Brandy 1 oz Light rum 1/2 oz Bourbon 1/2 oz Lemon Juice of 1/2 Powdered sugar 1 tblsp Carbonated water 
","Collins glass",6
375,"Mocha-Berry","Irish coffee cup Coffee 6 oz Chambord raspberry liqueur 2 oz Cocoa powder 2 tblsp Whipped cream 
","Irish coffee cup",4
376,"Mojito","Highball glass Light rum 2-3 oz Lime Juice of 1 Sugar 2 tsp Mint 2-4","Highball glass",4
377,"Mojito #3","Collins glass Mint 1/2 handful Lemon juice 3 cl Dark rum 1/8 L Jamaican Club soda 1/8 L Angostura bitters 8 drops","Collins glass",5
378,"Monkey Gland","Cocktail glass Gin 2 oz Benedictine 1 tsp Orange juice 1/2 oz Grenadine 1 tsp","Cocktail glass",4
379,"Monkey Wrench","Old-fashioned glass Light rum 1 1/2 oz Grapefruit juice 3 oz Bitters 1 dash","Old-fashioned glass",3
380,"Moranguito","Shot glass Absinthe 2/5 Tequila 2/5 Grenadine 1/5","Shot glass",3
381,"Moscow Mule","Copper Mug Vodka 2 oz Lime juice 2 oz Ginger ale 8 oz","Copper Mug",3
382,"Mother's Milk","Shot glass Goldschlager 1 oz Butterscotch schnapps 1 oz Milk 1 oz","Shot glass",3
383,"Mudslinger","Punch bowl Southern Comfort 750 ml Orange juice 1 L Pepsi Cola 750 ml","Punch bowl",3
384,"Mulled Wine","Collins Glass Water 3 cups Sugar 1 cup Cloves 12 Cinnamon 2 Lemon peel 1 Red wine 750 ml Brandy 1/4 cup","Collins Glass",7
385,"National Aquarium","Collins Glass Rum 1/2 oz Vodka 1/2 oz Gin 1/2 oz Blue Curacao 1/2 oz Sour mix 2 oz Lemon-lime soda 1 splash","Collins Glass",6
386,"Negroni","Old-fashioned glass Gin 1 oz Campari 1 oz Sweet Vermouth 1 oz","Old-fashioned glass",3
387,"New York Lemonade","Cocktail glass Absolut Citron 2 oz Grand Marnier 1 oz Lemon juice 2 oz sweetened Club soda 1 oz","Cocktail glass",4
388,"New York Sour","Whiskey sour glass Blended whiskey 2 oz Lemon Juice of 1/2 Sugar 1 tsp Red wine (Claret)
 Lemon 
 Cherry 
","Whiskey sour glass",6
389,"Nuked Hot Chocolate","Coffee mug Cocoa powder 2 tsp Sugar 1 tsp Vanilla extract 1/2 tsp Milk 12 oz","Coffee mug",4
390,"Nutty Irishman","Highball Glass Bailey's irish cream 1 part Frangelico 1 part Milk 1 part","Highball Glass",3
391,"Old Fashioned","Old-fashioned glass Bourbon 4.5 cL Angostura bitters 2 dashes Sugar 1 cube Water dash","Old-fashioned glass",4
392,"Orange Crush","Shot glass Vodka 1 oz Triple sec 1 oz Orange juice 1 oz","Shot glass",3
393,"Orange Oasis","Highball glass Cherry brandy 1/2 oz Gin 1 1/2 oz Orange juice 4 oz Ginger ale 
","Highball glass",4
394,"Orange Push-up","Hurricane glass Spiced rum 1.5 oz Grenadine 0.5 oz Orange juice 4 oz Sour mix 1 splash","Hurricane glass",4
395,"Orange Scented Hot Chocolate","Coffee mug Milk 2 cups Chocolate 4 oz chopped bittersweet or semi-sweet Orange peel 3 2-inch strips Espresso 1/2 tsp instant Nutmeg 1/8 tsp ground","Coffee mug",5
396,"Orange Whip","Collins Glass Orange juice 4 oz Rum 1 oz Vodka 1 oz Cream 1 package Ice Over","Collins Glass",5
397,"Orangeade","Highball glass Lemon juice 5 cl Orange juice 15 cl Sugar syrup 2-3 cl Soda water 
","Highball glass",4
398,"Oreo Mudslide","Collins Glass Vodka 1 oz Kahlua 1 oz Bailey's irish cream 1 oz Vanilla ice-cream 2 scoops Oreo cookie 1","Collins Glass",5
399,"Orgasm","Cocktail glass Creme de Cacao 1/2 oz white Amaretto 1/2 oz Triple sec 1/2 oz Vodka 1/2 oz Light cream 1 oz","Cocktail glass",5
400,"Owen's Grandmother's Revenge","Highball glass Whiskey 12 oz Beer 12 oz Lemonade 12 oz frozen Ice 1 cup crushed","Highball glass",4
401,"Paradise","Cocktail glass Gin 7 parts Apricot Brandy 4 parts Orange Juice 3 parts","Cocktail glass",3
402,"Pina Colada","Collins glass Light rum 3 oz Coconut milk 3 tblsp Pineapple 3 tblsp","Collins glass",3
403,"Pineapple Gingerale Smoothie","Highball Glass Ginger 1/4 inch Pineapple 1/2","Highball Glass",2
404,"Pink Gin","White wine glass Bitters 3 dashes Gin 2 oz","White wine glass",2
405,"Pink Lady","Cocktail glass Gin 1 1/2 oz Grenadine 1 tsp Light cream 1 tsp Egg white 1","Cocktail glass",4
406,"Pink Panty Pulldowns","Collins Glass Sprite 1 L Pink lemonade 2 cups Vodka 2 cups","Collins Glass",3
407,"Pink Penocha","Punch bowl Everclear 750 ml Vodka 1750 ml Peach schnapps 1750 ml Orange juice 1 gal Cranberry juice 1 gal","Punch bowl",5
408,"Pisco Sour","Cocktail glass Pisco 2 oz Lemon juice 1 oz Sugar 1-2 tblsp","Cocktail glass",3
409,"Planter's Punch","Collins glass Dark rum 1 part Orgeat syrup 1/2 part Orange juice 2 parts Pineapple juice 1 part","Collins glass",4
410,"Popped cherry","Highball glass Vodka 2 oz Cherry liqueur 2 oz Cranberry juice 4 oz Orange juice 4 oz","Highball glass",4
411,"Poppy Cocktail","Cocktail glass Gin 1 1/2 oz Creme de Cacao 3/4 oz white","Cocktail glass",2
412,"Port And Starboard","Pousse cafe glass Grenadine 1 tblsp Green Creme de Menthe 1/2 oz","Pousse cafe glass",2
413,"Port Wine Cocktail","Cocktail glass Port 2 1/2 oz Brandy 1/2 tsp","Cocktail glass",2
414,"Port Wine Flip","Whiskey sour glass Port 1 1/2 oz Light cream 2 tsp Powdered sugar 1 tsp Egg 1 whole Nutmeg 
","Whiskey sour glass",5
415,"Porto flip","Cocktail glass Brandy 3 parts Port 9 parts Egg Yolk 2 parts","Cocktail glass",3
416,"Pysch Vitamin Light","Collins Glass Orange juice 1 part Apple juice 1 part Pineapple juice 1 part Ice 
","Collins Glass",4
417,"Quaker's Cocktail","Cocktail glass Light rum 3/4 oz Brandy 3/4 oz Lemon Juice of 1/4 Raspberry syrup 2 tsp","Cocktail glass",4
418,"Quarter Deck Cocktail","Cocktail glass Light rum 1 1/2 Sherry 1/3 oz cream Lime Juice of 1/2","Cocktail glass",3
419,"Queen Bee","Cocktail glass Coffee brandy 1 oz Lime vodka 1 1/2 oz Sherry 1/2 oz cream","Cocktail glass",3
420,"Queen Charlotte","Collins glass Red wine 2 oz Grenadine 1 oz Lemon-lime soda 
","Collins glass",3
421,"Queen Elizabeth","Cocktail glass Dry Vermouth 1/2 oz Gin 1 1/2 oz Benedictine 1 1/2 tsp","Cocktail glass",3
422,"Quentin","Cocktail glass Dark rum 1 1/2 oz Kahlua 1/2 oz Light cream 1 oz Nutmeg 1/8 tsp grated","Cocktail glass",4
424,"Quick-sand","Highball glass Black Sambuca 25 ml Orange juice Add 250 ml","Highball glass",2
423,"Quick F**K","Shot glass Kahlua 1 part Midori melon liqueur 1 part Bailey's irish cream 1 part","Shot glass",3
425,"Radioactive Long Island Iced Tea","Collins Glass Rum 1 oz Vodka 1 oz Tequila 1 oz Gin 1 oz Triple sec 1 oz Chambord raspberry liqueur 1 oz Midori melon liqueur 1 oz Malibu rum 1 oz","Collins Glass",8
426,"Radler","Highball glass Beer 12 oz 7-Up 12 oz","Highball glass",2
427,"Rail Splitter","Highball glass Sugar syrup 2 tsp Lemon juice 
","Highball glass",2
428,"Raspberry Cooler","Highball glass Raspberry vodka 2 oz Lemon-lime soda 4 oz Ice 
","Highball glass",3
429,"Red Snapper","Old-fashioned glass Crown Royal 1 shot Amaretto 1 shot Cranberry juice 1 shot","Old-fashioned glass",3
430,"Rose","Cocktail glass Dry Vermouth 1/2 oz Gin 1 oz Apricot brandy 1/2 oz Lemon juice 1/2 tsp Grenadine 1 tsp","Cocktail glass",5
431,"Royal Bitch","Shot glass Frangelico 1 part Crown Royal 1 part","Shot glass",2
432,"Royal Fizz","Collins glass Gin 1 oz Sweet and sour 2 oz Egg 1 whole Coca-Cola 
","Collins glass",4
433,"Royal Flush","Old-fashioned glass Crown Royal 1 1/2 oz Peach schnapps 1 oz Chambord raspberry liqueur 1/2 oz Cranberry juice 1 oz","Old-fashioned glass",4
434,"Royal Gin Fizz","Highball glass Gin 2 oz Lemon Juice of 1/2 Powdered sugar 1 tsp Egg 1 whole Carbonated water 
","Highball glass",5
435,"Ruby Tuesday","Highball glass Gin 2 oz Cranberry juice 5 oz Grenadine 2 splashes","Highball glass",3
436,"Rum Cobbler","Old-fashioned glass Sugar 1 tsp superfine Club soda 3 oz Lemon 1 Dark rum 2 oz Maraschino cherry 1 Orange 1","Old-fashioned glass",6
437,"Rum Cooler","Collins glass Rum 2 oz light or dark Lemon-lime soda 4 oz Lemon 1","Collins glass",3
438,"Rum Milk Punch","Collins glass Light rum 2 oz Milk 1 cup Powdered sugar 1 tsp Nutmeg 
","Collins glass",4
439,"Rum Old-fashioned","Old-fashioned glass Light rum 1 1/2 oz 151 proof rum 1 tsp Powdered sugar 1/2 tsp Bitters 1 dash Water 1 tsp Lime peel Twist of","Old-fashioned glass",6
440,"Rum Punch","Punch bowl Rum mikey bottle Ginger ale large bottle Fruit punch 355 ml frozen Orange juice 355 ml frozen Ice crushed","Punch bowl",5
441,"Rum Runner","Cocktail glass Malibu rum 1 1/2 oz Blackberry brandy 1 oz Orange juice 3-4 oz Pineapple juice 3-4 oz Cranberry juice 3-4 oz","Cocktail glass",5
442,"Rum Screwdriver","Highball glass Light rum 1 1/2 oz Orange juice 5 oz","Highball glass",2
443,"Rum Sour","Whiskey sour glass Light rum 2 oz Lemon juice 1 oz Sugar 1/2 tsp superfine Orange 1 Maraschino cherry 1","Whiskey sour glass",5
444,"Rum Toddy","Old-fashioned glass Rum 2 oz light or dark Powdered sugar 2 tsp Lemon peel 1 twist of Water 2 tsp","Old-fashioned glass",4
445,"Russian Spring Punch","Highball glass Vodka 2.5 cl Creme de Cassis 1.5 cl Sugar Syrup 1 cl Lemon Juice 2.5 cl","Highball glass",4
446,"Rusty Nail","Old-fashioned glass Scotch 1 1/2 oz Drambuie 1/2 oz Lemon peel 1 twist of","Old-fashioned glass",3
447,"Salty Dog","Highball glass Grapefruit juice 5 oz Gin 1 1/2 oz Salt 1/4 tsp","Highball glass",3
448,"San Francisco","Highball glass Vodka 2 cl Creme de Banane 2 cl Grenadine 
","Highball glass",3
450,"Sangria - The World's Best","Pitcher Red wine 1 1/2 L Sugar 1 cup Lemon 1 large Orange 1 large Apple 1 large Brandy 3-4 oz plain Soda water 
","Pitcher",7
449,"Sangria #1","Pitcher Red wine 1 bottle Sugar 1/2 cup Orange juice 1 cup Lemon juice 1 cup Cloves 
","Pitcher",5
451,"Sazerac","Old-fashioned glass Ricard 1 tsp Sugar 1/2 tsp superfine Peychaud bitters 2 dashes Water 1 tsp Bourbon 2 oz Lemon peel 1 twist of","Old-fashioned glass",6
452,"Scooter","Cocktail glass Brandy 1 oz Amaretto 1 oz Light cream 1 oz","Cocktail glass",3
453,"Scotch Cobbler","Old-fashioned glass Scotch 2 oz Brandy 4 dashes Curacao 4 dashes Orange 1 slice Mint 1","Old-fashioned glass",5
454,"Scotch Sour","Whiskey sour glass Scotch 1 1/2 oz Lime Juice of 1/2 Powdered sugar 1/2 tsp Lemon 1/2 slice Cherry 1","Whiskey sour glass",5
455,"Scottish Highland Liqueur","Collins Glass Johnnie Walker 1 fifth Honey 1 1/2 cup mild Angelica root 2 tsp dried and chopped Fennel seeds 1/4 tsp crushed Lemon peel 2 2 inch strips","Collins Glass",5
456,"Screaming Orgasm","Cocktail glass Vodka 1 oz Bailey's irish cream 1 1/2 oz Kahlua 1/2 oz","Cocktail glass",3
457,"Screwdriver","Highball glass Vodka 2 oz","Highball glass",1
458,"Sea breeze","Highball glass Vodka 1 1/2 oz Cranberry juice 4 oz Grapefruit juice 1 oz","Highball glass",3
459,"Sex on the Beach","Highball glass Vodka 1 oz Peach schnapps 3/4 oz","Highball glass",2
460,"Shanghai Cocktail","Cocktail glass Light rum 1 oz Jamaican Anisette 1 tsp Grenadine 1/2 tsp Lemon Juice of 1/4","Cocktail glass",4
461,"Shark Attack","Pitcher Lemonade 1 can Water 3 cans Vodka 1 1/2 cup","Pitcher",3
462,"Sherry Eggnog","Collins glass Sherry 2 oz cream Powdered sugar 1 tsp Egg 1 whole Milk 
","Collins glass",4
463,"Sherry Flip","Whiskey sour glass Sherry 1 1/2 oz cream Light cream 2 tsp Powdered sugar 1 tsp Egg 1 whole Nutmeg 
","Whiskey sour glass",5
464,"Shot-gun","Shot glass Jim Beam 1 part Jack Daniels 1 part Wild Turkey 1 oz","Shot glass",3
465,"Sidecar","Cocktail glass Cognac 2 oz Cointreau 1/2 oz Lemon juice 1 oz","Cocktail glass",3
466,"Sidecar Cocktail","Cocktail glass Brandy 1 oz Triple sec 1/2 oz Lemon Juice of 1/4","Cocktail glass",3
467,"Singapore Sling","Hurricane glass Cherry brandy 1/2 oz Grenadine 1/2 oz Gin 1 oz Sweet and sour 2 oz","Hurricane glass",4
468,"Sloe Gin Cocktail","Cocktail glass Sloe gin 2 oz Dry Vermouth 1/4 tsp Orange bitters 1 dash","Cocktail glass",3
469,"Smut","Beer mug Red wine 1/3 part Peach schnapps 1 shot Pepsi Cola 1/3 part Orange juice 1/3 part","Beer mug",4
470,"Snake Bite (UK)","Pint glass Lager 1/2 pint Cider 1/2 pint sweet or dry","Pint glass",2
471,"Snakebite and Black","Pint glass Lager 1/2 pint Cider 1/2 pint Blackcurrant squash A little bit of","Pint glass",3
472,"Snowball","Highball glass Advocaat 1 1/2 oz Lemonade 8-10 oz cold Lemon 1 slice Ice cubes
","Highball glass",4
473,"Sol Y Sombra","Brandy snifter Brandy 1 1/2 oz Anisette 1 1/2 oz","Brandy snifter",2
474,"Space Odyssey","Highball glass 151 proof rum 1 shot Bacardi Malibu rum 1 shot Pineapple juice 1 shot Orange juice 
 Grenadine 
","Highball glass",5
475,"Spanish chocolate","Coffee mug Milk 2 cups Chocolate 2 oz sweet Cinnamon 1/2 tsp Egg yolk 2 beaten","Coffee mug",4
476,"Spiced Peach Punch","Collins Glass Peach nectar 46 oz Orange juice 20 oz Brown sugar 1/2 cup Cinnamon 3 3-inch Cloves 1/2 tsp Lime juice 2 tblsp","Collins Glass",6
477,"Spiking coffee","Coffee mug Coffee 
","Coffee mug",1
478,"Spritz","Old-Fashioned glass Prosecco 6 cl Campari 4 cl Soda Water splash","Old-Fashioned glass",3
479,"Stinger","Cocktail glass Brandy 1 1/2 oz White Creme de Menthe 1/2 oz","Cocktail glass",2
480,"Stone Sour","Whiskey sour glass Apricot brandy 1 oz Orange juice 1 oz Sweet and sour 1 oz","Whiskey sour glass",3
481,"Strawberry Daiquiri","Cocktail glass Strawberry schnapps 1/2 oz Light rum 1 oz Lime juice 1 oz Powdered sugar 1 tsp Strawberries 1 oz","Cocktail glass",5
482,"Strawberry Lemonade","Collins Glass Lemon Juice of 1 Sugar 1 tblsp Strawberries 8-10 ripe Water 1 cup","Collins Glass",4
483,"Strawberry Margarita","Cocktail glass Strawberry schnapps 1/2 oz Tequila 1 oz Triple sec 1/2 oz Lemon juice 1 oz Strawberries 1 oz Salt 
","Cocktail glass",6
484,"Strawberry Shivers","Highball glass Strawberries 1 1/2 cup Honey 4 tsp Water 1/2 cup","Highball glass",3
485,"Sunny Holiday Punch","Punch bowl Pineapple juice 46 oz chilled Club soda 28 oz Orange juice 6 oz frozen Lemon 1 Berries 2 cups Champagne 1 bottle","Punch bowl",6
486,"Surf City Lifesaver","Highball glass Ouzo 1 part Bailey's irish cream 1 part Gin 2 parts Grand Marnier 1/2 part","Highball glass",4
487,"Swedish Coffee","Coffee Mug Coffee 1 cup Aquavit 4 cl Sugar By taste","Coffee Mug",3
488,"Sweet Bananas","Highball Glass Milk 2 cups Banana 1 Honey 1 tblsp","Highball Glass",3
489,"Sweet Sangria","Pitcher Red wine 2 bottles Sugar 1 cup Water 2 cups hot Apple 1 cup Orange wedges
 Lime wedges
 Lemon 
 Fresca 
","Pitcher",8
490,"Sweet Tooth","Highball Glass Godiva liqueur 2 shots Milk 
","Highball Glass",2
491,"Talos Coffee","Brandy snifter Grand Marnier 3 parts Coffee 1 part","Brandy snifter",2
492,"Tennesee Mud","Coffee Mug Coffee 8 oz Jack Daniels 4 oz Amaretto 4 oz Whipped cream 
","Coffee Mug",4
493,"Tequila Fizz","Collins glass Tequila 2 oz Lemon juice 1 tblsp Grenadine 3/4 oz Egg white 1 Ginger ale 
","Collins glass",5
494,"Tequila Sour","Whiskey sour glass Tequila 2 oz Lemon Juice of 1/2 Powdered sugar 1 tsp Lemon 1/2 slice Cherry 1","Whiskey sour glass",5
495,"Tequila Sunrise","Highball glass Tequila 2 measures","Highball glass",1
496,"Tequila Surprise","Shot glass Tequila full glass Tabasco sauce About 8 drops","Shot glass",2
497,"Texas Rattlesnake","Highball glass Yukon Jack 1 part Cherry brandy 1/2 part Southern Comfort 1 part Sweet and sour 1 splash","Highball glass",4
498,"Texas Sling","Wine Glass Kahlua 1/2 oz Irish cream 1/2 oz Amaretto 1/2 oz 151 proof rum 1/2 oz Bacardi Cream 1 oz","Wine Glass",5
499,"Thai Coffee","Highball glass Coffee 6 tblsp ground Coriander 1/4 tsp Cardamom 4-5 whole green","Highball glass",3
500,"Thai Iced Coffee","Highball glass Coffee black Sugar 
 Cream pods
 Cardamom 
","Highball glass",4
501,"Thai Iced Tea","Highball glass Tea 1/4 cup Thai Water 1/2 cup boiling Condensed milk 2 tsp sweetened Ice cubes
","Highball glass",4
502,"The Evil Blue Thing","Old-fashioned glass Creme de Cacao 1 1/2 oz Blue Curacao 1 oz Light rum 1/2 oz","Old-fashioned glass",3
503,"Thriller","Cocktail glass Scotch 1 1/2 oz Wine 1 oz Green Ginger Orange juice 1 oz","Cocktail glass",3
504,"Tia-Maria","Collins Glass Water 1 cup Brown sugar 3/4-1 cup Coffee 4 tsp Rum 1 cup Vanilla extract 4 tsp","Collins Glass",5
505,"Tom Collins","Collins glass Gin 2 oz Lemon juice 1 oz Sugar 1 tsp superfine Club soda 3 oz Maraschino cherry 1 Orange 1","Collins glass",6
506,"Tomato Tang","Highball glass Tomato juice 2 cups Lemon juice 1-2 tblsp Celery salt 1 dash","Highball glass",3
507,"Tommy's Margarita","Old-Fashioned glass Tequila 4.5 cl Lime Juice 1.5 cl Agave syrup 2 spoons","Old-Fashioned glass",3
508,"Turf Cocktail","Cocktail glass Dry Vermouth 1 oz Gin 1 oz Anis 1/4 tsp Bitters 2 dashes Orange peel Twist of","Cocktail glass",5
509,"Turkeyball","Shot glass Wild Turkey 1 oz Amaretto 3/4 oz Pineapple juice 1 splash","Shot glass",3
510,"Tuxedo Cocktail","Cocktail glass Dry Vermouth 1 1/2 oz Gin 1 1/2 oz Maraschino liqueur 1/4 tsp Anis 1/4 tsp Orange bitters 2 dashes Cherry 1","Cocktail glass",6
511,"Valencia Cocktail","Cocktail glass Apricot brandy 1 1/2 oz Orange juice 1 tblsp Orange bitters 2 dashes","Cocktail glass",3
512,"Vampiro","Old-Fashioned glass Tequila 6 cl Tomato Juice 3 cl Orange Juice 3 cl Lime Juice 1.5 cl Sugar Syrup 1 dash Salt 1 pinch","Old-Fashioned glass",6
513,"Van Vleet","Old-fashioned glass Light rum 3 oz Maple syrup 1 oz Lemon juice 1 oz","Old-fashioned glass",3
514,"Vermouth Cassis","Highball glass Dry Vermouth 1 1/2 oz Creme de Cassis 3/4 oz Carbonated water 
","Highball glass",3
515,"Vesper","Cocktail glass Gin 6 cl Vodka 1.5 cl Lillet Blanc 0.75 cl","Cocktail glass",3
516,"Vesuvio","Old-fashioned glass Light rum 1 oz Sweet Vermouth 1/2 oz Lemon Juice of 1/2 Powdered sugar 1 tsp Egg white 1","Old-fashioned glass",5
517,"Veteran","Old-fashioned glass Dark rum 2 oz Cherry brandy 1/2 oz","Old-fashioned glass",2
518,"Victor","Cocktail glass Gin 1 1/2 oz Sweet Vermouth 1/2 oz Brandy 1/2 oz","Cocktail glass",3
519,"Victory Collins","Collins glass Vodka 1 1/2 oz Lemon juice 3 oz Grape juice 3 oz unsweetened Powdered sugar 1 tsp Orange 1 slice","Collins glass",5
520,"Vodka And Tonic","Highball glass Vodka 2 oz Tonic water 
","Highball glass",2
521,"Vodka Fizz","White wine glass Vodka 2 oz Half-and-half 2 oz Limeade 2 oz Ice 
 Nutmeg 
","White wine glass",5
522,"Vodka Martini","Cocktail glass Vodka 1 1/2 oz Dry Vermouth 3/4 oz Olive 1","Cocktail glass",3
523,"Vodka Russian","Collins Glass Vodka 2 oz Schweppes Russchian 
","Collins Glass",2
524,"Waikiki Beachcomber","Cocktail glass Triple sec 3/4 oz Gin 3/4 oz Pineapple juice 1 tblsp","Cocktail glass",3
525,"Whiskey Sour","Old-fashioned glass Blended whiskey 2 oz Lemon Juice of 1/2 Powdered sugar 1/2 tsp Cherry 1 Lemon 1/2 slice","Old-fashioned glass",5
526,"Whisky Mac","Collins Glass Scotch 1 1/2 oz Wine 1 oz Green Ginger","Collins Glass",2
527,"White Lady","Cocktail glass Gin 4cl Triple Sec 3cl Lemon Juice 2cl","Cocktail glass",3
528,"White Russian","Old-fashioned glass Vodka 2 oz Coffee liqueur 1 oz Light cream 
","Old-fashioned glass",3
529,"Whitecap Margarita","Margarita/Coupette glass Ice 1 cup Tequila 2 oz Cream of coconut 1/4 cup Lime juice 3 tblsp fresh","Margarita/Coupette glass",4
530,"Wine Cooler","Collins Glass Red wine 2 oz white or Lemon-lime soda 5 oz Ice cubes
","Collins Glass",3
531,"Wine Punch","Collins Glass Red wine 1 bottle Lemon 2 Orange juice 1 cup Orange 3 Pineapple juice 1 cup","Collins Glass",5
532,"Yellow Bird","Cocktail glass White Rum 3 cl Galliano 1.5 cl Triple Sec 1.5 cl Lime Juice 1.5 cl","Cocktail glass",4
533,"Yoghurt Cooler","Highball Glass Yoghurt 1 cup Fruit 1 cup Ice 
","Highball Glass",3
534,"Zambeer","Collins Glass Sambuca 1 1/2 oz Root beer Add 10 oz Ice cubes
","Collins Glass",3
535,"Zenmeister","Collins Glass Jägermeister 1/2 oz Root beer 1/2 oz","Collins Glass",2
536,"Ziemes Martini Apfelsaft","Collins Glass Vermouth 4 cl Apple juice 16 cl","Collins Glass",2
537,"Zima Blaster","Hurricane glass Zima 12 oz Chambord raspberry liqueur 3 oz","Hurricane glass",2
538,"Zimadori Zinger","Collins glass Midori melon liqueur 1.5 oz Zima 12 oz","Collins glass",2
539,"Zinger","Highball glass Peachtree schnapps 4 shots Surge 4 shots","Highball glass",2
540,"Zipperhead","Whiskey sour glass Chambord raspberry liqueur 1 shot Vodka 1 shot Soda water Fill with","Whiskey sour glass",3
541,"Zippy's Revenge","Old-fashioned glass Amaretto 2 oz Rum 2 oz Kool-Aid 4 oz Grape","Old-fashioned glass",3
542,"Zizi Coin-coin","Margarita/Coupette glass Cointreau 5 cl Lemon juice 2 cl Ice cubes
 Lemon or lime
","Margarita/Coupette glass",4
543,"Zoksel","Beer pilsner Beer 
 Root beer 
 Lemonade 
 Coca-Cola slice
 7-Up 
 Creme de Cassis 
 Lemon 
","Beer pilsner",7
544,"Zorbatini","Cocktail glass Vodka 1 1/4 oz Stoli Ouzo 1/4 oz","Cocktail glass",2
545,"Zorro","Coffee Mug Sambuca 2 cl Bailey's irish cream 2 cl White Creme de Menthe 2 cl","Coffee Mug",3
